32285, the Gala, the Auditorium, Main Hall, sp-1
32295, the Gala, the Auditorium, Main Hall, sp-2
32305, the Gala, the Auditorium, Main Hall, sp-3
32315, the Gala, the Auditorium, Main Hall, sp-4
32286, the Gala, the Auditorium, Main Hall, sp-5
32296, the Gala, the Auditorium, Main Hall, sp-6
32306, the Gala, the Auditorium, Main Hall, sp-7
32316, the Gala, the Auditorium, Main Hall, sp-8
32287, the Gala, the Auditorium, Main Hall, sp-9
32297, the Gala, the Auditorium, Main Hall, sp-10
32307, the Gala, the Auditorium, Main Hall, sp-11
32317, the Gala, the Auditorium, Main Hall, sp-12
32288, the Gala, the Auditorium, Main Hall, sp-13
32298, the Gala, the Auditorium, Main Hall, sp-14
32308, the Gala, the Auditorium, Main Hall, sp-15
32318, the Gala, the Auditorium, Main Hall, sp-16
32289, the Gala, the Auditorium, Main Hall, sp-17
32299, the Gala, the Auditorium, Main Hall, sp-18
32309, the Gala, the Auditorium, Main Hall, sp-19
32319, the Gala, the Auditorium, Main Hall, sp-20
32290, the Gala, the Auditorium, Main Hall, sp-21
32300, the Gala, the Auditorium, Main Hall, sp-22
32310, the Gala, the Auditorium, Main Hall, sp-23
32320, the Gala, the Auditorium, Main Hall, sp-24
32291, the Gala, the Auditorium, Main Hall, sp-25
32301, the Gala, the Auditorium, Main Hall, sp-26
32311, the Gala, the Auditorium, Main Hall, sp-27
32321, the Gala, the Auditorium, Main Hall, sp-28
32292, the Gala, the Auditorium, Main Hall, sp-29
32302, the Gala, the Auditorium, Main Hall, sp-30
32312, the Gala, the Auditorium, Main Hall, sp-31
32322, the Gala, the Auditorium, Main Hall, sp-32
32293, the Gala, the Auditorium, Main Hall, sp-33
32303, the Gala, the Auditorium, Main Hall, sp-34
32313, the Gala, the Auditorium, Main Hall, sp-35
32323, the Gala, the Auditorium, Main Hall, sp-36
32294, the Gala, the Auditorium, Main Hall, sp-37
32304, the Gala, the Auditorium, Main Hall, sp-38
32314, the Gala, the Auditorium, Main Hall, sp-39
32324, the Gala, the Auditorium, Main Hall, sp-40
